/*
 Navicat Premium Data Transfer

 Source Server         : local
 Source Server Type    : MySQL
 Source Server Version : 100418
 Source Host           : localhost:3306
 Source Schema         : knn

 Target Server Type    : MySQL
 Target Server Version : 100418
 File Encoding         : 65001

 Date: 10/11/2024 15:41:20
*/

SET NAMES utf8mb4;
SET FOREIGN_KEY_CHECKS = 0;

-- ----------------------------
-- Table structure for data_training
-- ----------------------------
DROP TABLE IF EXISTS `data_training`;
CREATE TABLE `data_training`  (
  `id_klasifikasi` int(11) NOT NULL AUTO_INCREMENT,
  `id_jurusan` int(11) NULL DEFAULT NULL,
  `nama` varchar(255) CHARACTER SET utf8mb4 COLLATE utf8mb4_general_ci NULL DEFAULT NULL,
  `pai` int(11) NULL DEFAULT NULL,
  `bi` int(11) NULL DEFAULT NULL,
  `mtk` int(11) NULL DEFAULT NULL,
  `sej` int(11) NULL DEFAULT NULL,
  `bing` int(11) NULL DEFAULT NULL,
  `senbud` int(11) NULL DEFAULT NULL,
  `ok` int(11) NULL DEFAULT NULL,
  `fis` int(11) NULL DEFAULT NULL,
  `jw` int(11) NULL DEFAULT NULL,
  PRIMARY KEY (`id_klasifikasi`) USING BTREE,
  INDEX `fk_jurusan`(`id_jurusan`) USING BTREE,
  CONSTRAINT `data_training_ibfk_1` FOREIGN KEY (`id_jurusan`) REFERENCES `jurusan` (`id_jurusan`) ON DELETE CASCADE ON UPDATE CASCADE
) ENGINE = InnoDB AUTO_INCREMENT = 4686 CHARACTER SET = utf8mb4 COLLATE = utf8mb4_general_ci ROW_FORMAT = Dynamic;

-- ----------------------------
-- Records of data_training
-- ----------------------------
INSERT INTO `data_training` VALUES (4174, 1, '﻿AFIF EKO ARIANTO', 85, 82, 78, 82, 80, 81, 83, 82, 85);
INSERT INTO `data_training` VALUES (4175, 1, 'ALINA SEPTI KHAFIYATUN', 85, 83, 77, 83, 80, 82, 84, 82, 83);
INSERT INTO `data_training` VALUES (4176, 1, 'AMRI YAHYA', 82, 83, 80, 82, 82, 81, 84, 83, 80);
INSERT INTO `data_training` VALUES (4177, 1, 'ANGEL RAHMAWATI', 88, 84, 84, 83, 87, 81, 84, 81, 84);
INSERT INTO `data_training` VALUES (4178, 1, 'ANNISA DERA AYU PANGESTIKA', 86, 84, 80, 82, 81, 81, 83, 83, 85);
INSERT INTO `data_training` VALUES (4179, 1, 'ARDISTHIKA ANGGRES GARBELIA', 86, 83, 80, 82, 81, 81, 84, 84, 85);
INSERT INTO `data_training` VALUES (4180, 1, 'BANGKIT SATRIA', 84, 82, 75, 81, 79, 79, 83, 81, 81);
INSERT INTO `data_training` VALUES (4181, 1, 'CAHAYA SAFIRA', 86, 82, 82, 80, 81, 79, 83, 82, 85);
INSERT INTO `data_training` VALUES (4182, 1, 'DAVID FIRDAUS KHOIRRULLOH', 85, 81, 76, 81, 79, 80, 83, 81, 83);
INSERT INTO `data_training` VALUES (4183, 1, 'DEWI AGUS TINA', 85, 84, 79, 82, 79, 81, 82, 81, 82);
INSERT INTO `data_training` VALUES (4184, 1, 'DWI WALIYA NINGSIH', 86, 84, 78, 82, 80, 81, 83, 83, 84);
INSERT INTO `data_training` VALUES (4185, 1, 'HASRI RAGISTA DWI NANDA', 85, 83, 78, 82, 79, 80, 83, 80, 83);
INSERT INTO `data_training` VALUES (4186, 1, 'IKASIH MAULIDA ARININGTIAS', 86, 84, 80, 81, 79, 81, 83, 82, 80);
INSERT INTO `data_training` VALUES (4187, 1, 'INTAN MAYLANI SETIANINGSIH', 86, 83, 81, 83, 81, 82, 83, 82, 87);
INSERT INTO `data_training` VALUES (4188, 1, 'ISTI QOMAH', 87, 85, 81, 82, 82, 82, 83, 83, 84);
INSERT INTO `data_training` VALUES (4189, 1, 'JENI MEYTASARI', 85, 81, 78, 82, 78, 82, 83, 82, 83);
INSERT INTO `data_training` VALUES (4190, 1, 'LAELA NUR FAIZAH', 87, 83, 83, 81, 83, 80, 82, 81, 83);
INSERT INTO `data_training` VALUES (4191, 1, 'LATISYA DIVA KARUNIA', 85, 83, 78, 81, 79, 81, 83, 81, 83);
INSERT INTO `data_training` VALUES (4192, 1, 'LISA INDRIYANI', 86, 84, 83, 82, 83, 81, 83, 81, 84);
INSERT INTO `data_training` VALUES (4193, 1, 'MAWARIDA SOFYA APRILIANA', 85, 84, 79, 82, 80, 81, 82, 82, 84);
INSERT INTO `data_training` VALUES (4194, 1, 'MOKHAMAD SOLIKHIN', 86, 83, 77, 81, 82, 80, 83, 82, 84);
INSERT INTO `data_training` VALUES (4195, 1, 'MUHAMAD RIFKI FAUZAN', 86, 82, 82, 81, 81, 80, 83, 82, 86);
INSERT INTO `data_training` VALUES (4196, 1, 'MUHAMMAD FERGIAN ABDU ROSYID', 85, 79, 75, 79, 78, 77, 82, 81, 79);
INSERT INTO `data_training` VALUES (4197, 1, 'NOFIANA SUSANTI ', 86, 81, 78, 81, 79, 82, 82, 82, 82);
INSERT INTO `data_training` VALUES (4198, 1, 'PUPUT RIYANTI', 89, 84, 81, 83, 84, 85, 83, 82, 85);
INSERT INTO `data_training` VALUES (4199, 1, 'PUTRI RAHAYU SHOLEHAH', 86, 82, 84, 83, 80, 82, 83, 82, 84);
INSERT INTO `data_training` VALUES (4200, 1, 'REVA ANANDA SARI', 84, 81, 77, 81, 78, 81, 82, 81, 83);
INSERT INTO `data_training` VALUES (4201, 1, 'ROSYIDATUN HASANAH', 85, 82, 79, 82, 80, 83, 83, 81, 82);
INSERT INTO `data_training` VALUES (4202, 1, 'SELVI FATIAH HEPY', 85, 84, 81, 83, 80, 82, 83, 80, 82);
INSERT INTO `data_training` VALUES (4203, 1, 'SEPTI NURAENI', 88, 84, 86, 84, 83, 82, 83, 83, 82);
INSERT INTO `data_training` VALUES (4204, 1, 'TITIN FAJRIANTI', 86, 84, 82, 82, 80, 81, 82, 81, 83);
INSERT INTO `data_training` VALUES (4205, 1, 'TUTIK APRILIANA', 86, 86, 82, 82, 81, 81, 83, 82, 86);
INSERT INTO `data_training` VALUES (4206, 1, 'VIA MIFTAKHUL JANNAH', 90, 85, 85, 84, 85, 82, 84, 82, 85);
INSERT INTO `data_training` VALUES (4207, 1, 'WAHAB MAULANA SAPUTRA', 83, 81, 77, 80, 77, 78, 80, 80, 80);
INSERT INTO `data_training` VALUES (4208, 1, 'WINARTI', 85, 83, 78, 81, 79, 81, 82, 81, 81);
INSERT INTO `data_training` VALUES (4209, 1, 'YUNI ALIA SARI', 85, 81, 78, 81, 79, 81, 82, 82, 86);
INSERT INTO `data_training` VALUES (4210, 1, 'ATIKAH TRI RIKZA MAULIDI', 86, 81, 79, 82, 78, 82, 84, 82, 82);
INSERT INTO `data_training` VALUES (4211, 1, 'AYUNDA PUTRI ANJAR RANI', 88, 86, 79, 84, 83, 83, 84, 82, 85);
INSERT INTO `data_training` VALUES (4212, 1, 'CHARISMA LINTANG KINASIH', 85, 84, 80, 82, 80, 82, 82, 81, 81);
INSERT INTO `data_training` VALUES (4213, 1, 'DESTI ANISA PRATIWI', 84, 82, 78, 81, 80, 80, 82, 81, 81);
INSERT INTO `data_training` VALUES (4214, 1, 'DWI CAHYO UTOMO', 85, 83, 81, 80, 84, 78, 83, 81, 82);
INSERT INTO `data_training` VALUES (4215, 1, 'DWI JULIANA AZZAHRA', 84, 83, 78, 81, 80, 78, 82, 82, 83);
INSERT INTO `data_training` VALUES (4216, 1, 'FAISA AGUS SETYANI', 84, 83, 80, 82, 79, 82, 82, 81, 84);
INSERT INTO `data_training` VALUES (4217, 1, 'FRIDATAMA BONISA', 84, 82, 79, 81, 80, 81, 83, 81, 83);
INSERT INTO `data_training` VALUES (4218, 1, 'GISCA NURHALIZA RAHMASARI', 87, 83, 79, 85, 81, 81, 83, 84, 85);
INSERT INTO `data_training` VALUES (4219, 1, 'GUSTI RAHAYU', 85, 82, 79, 81, 80, 81, 82, 82, 79);
INSERT INTO `data_training` VALUES (4220, 1, 'IFTI KHORIN ASYIFA', 84, 83, 79, 82, 78, 80, 82, 80, 81);
INSERT INTO `data_training` VALUES (4221, 1, 'JONATHAN TJAHYONO', 84, 82, 78, 80, 81, 79, 82, 81, 81);
INSERT INTO `data_training` VALUES (4222, 1, 'METHA AULIA PUTRI', 85, 84, 79, 83, 81, 81, 83, 84, 84);
INSERT INTO `data_training` VALUES (4223, 1, 'NAFISAH MILDA MAULINA', 87, 84, 78, 83, 80, 81, 82, 83, 82);
INSERT INTO `data_training` VALUES (4224, 1, 'NANDA AGESTHA PUTRI RAHAYU', 85, 82, 78, 81, 77, 79, 82, 82, 82);
INSERT INTO `data_training` VALUES (4225, 1, 'NATASYA CINTATIA MAHARANI', 86, 81, 77, 81, 78, 79, 82, 83, 82);
INSERT INTO `data_training` VALUES (4226, 1, 'NURUL SELVIANI', 87, 85, 84, 83, 80, 81, 83, 83, 82);
INSERT INTO `data_training` VALUES (4227, 1, 'PRADITYA ALMAS FAIDZAN', 86, 83, 82, 82, 78, 79, 82, 83, 82);
INSERT INTO `data_training` VALUES (4228, 1, 'RATRI WINARTI', 85, 84, 80, 84, 82, 81, 83, 82, 82);
INSERT INTO `data_training` VALUES (4229, 1, 'RESTU PURBA RAMADHAN', 84, 82, 79, 81, 82, 80, 82, 81, 81);
INSERT INTO `data_training` VALUES (4230, 1, 'SAGUH PRIYONO', 85, 82, 82, 82, 78, 80, 82, 82, 81);
INSERT INTO `data_training` VALUES (4231, 1, 'SEIRA NANDIVA', 85, 82, 78, 81, 78, 81, 83, 82, 81);
INSERT INTO `data_training` VALUES (4232, 1, 'SEPTIA DISTA NUR RAHMA', 86, 83, 79, 82, 77, 80, 83, 82, 81);
INSERT INTO `data_training` VALUES (4233, 1, 'SERLINDA TRIANA', 85, 84, 80, 82, 80, 83, 82, 82, 87);
INSERT INTO `data_training` VALUES (4234, 1, 'SISKA DWI SULISTYOWATI', 84, 82, 82, 81, 80, 81, 82, 81, 80);
INSERT INTO `data_training` VALUES (4235, 1, 'SUKMA IRZA DIANA', 87, 83, 84, 82, 80, 83, 83, 81, 83);
INSERT INTO `data_training` VALUES (4236, 1, 'SYAFA MEIDIVIANI', 85, 83, 82, 81, 80, 77, 83, 81, 81);
INSERT INTO `data_training` VALUES (4237, 1, 'TIARA MARGIANI KARTIKA', 86, 82, 79, 83, 80, 81, 84, 82, 84);
INSERT INTO `data_training` VALUES (4238, 1, 'WARAS TRI WIJAYA', 85, 83, 79, 82, 79, 81, 82, 83, 80);
INSERT INTO `data_training` VALUES (4239, 1, 'WILDA SYAHRUL MAGHFIROH', 84, 80, 80, 79, 79, 79, 82, 80, 79);
INSERT INTO `data_training` VALUES (4240, 1, 'WULAN PERMATA SARI', 88, 86, 80, 83, 81, 82, 83, 83, 84);
INSERT INTO `data_training` VALUES (4241, 1, 'YOSSI EMA AFRILIAN', 85, 84, 78, 82, 79, 81, 82, 82, 84);
INSERT INTO `data_training` VALUES (4242, 1, 'YUKE DEVILIA SIMAMORA', 86, 84, 78, 83, 82, 82, 84, 82, 85);
INSERT INTO `data_training` VALUES (4243, 1, 'ZAHRA NURUL IZZATI', 85, 84, 77, 83, 80, 82, 83, 82, 81);
INSERT INTO `data_training` VALUES (4244, 1, 'ADELIA PUTRI DINANTI', 86, 84, 79, 82, 80, 82, 83, 82, 82);
INSERT INTO `data_training` VALUES (4245, 1, 'AILEEN AUFA RAFIQI SUTANTO', 85, 82, 79, 81, 80, 79, 82, 81, 85);
INSERT INTO `data_training` VALUES (4246, 1, 'ANNISA SASKIA ANGGUN PANGESTI', 86, 85, 80, 84, 83, 82, 83, 83, 84);
INSERT INTO `data_training` VALUES (4247, 1, 'BUNGA AISYAH', 82, 83, 79, 82, 81, 79, 83, 82, 82);
INSERT INTO `data_training` VALUES (4248, 1, 'CATHERINA ELVINA NIRWASITA', 85, 82, 83, 81, 80, 80, 83, 81, 80);
INSERT INTO `data_training` VALUES (4249, 1, 'DELLA EKA RISTIYANTI', 84, 83, 81, 80, 80, 81, 82, 82, 82);
INSERT INTO `data_training` VALUES (4250, 1, 'DESI PUTRI ANGGRAENI', 85, 82, 82, 81, 81, 80, 83, 81, 83);
INSERT INTO `data_training` VALUES (4251, 1, 'DINY ROSULLIL AMRI', 84, 83, 80, 82, 80, 80, 82, 80, 82);
INSERT INTO `data_training` VALUES (4252, 1, 'DWI APRILIANTO', 84, 82, 81, 82, 82, 79, 82, 80, 81);
INSERT INTO `data_training` VALUES (4253, 1, 'DWI MULYO SAPTO AFRIANSYAH', 84, 82, 79, 81, 81, 79, 81, 82, 80);
INSERT INTO `data_training` VALUES (4254, 1, 'ETIKA AYU YULIANA', 85, 83, 80, 82, 80, 82, 83, 82, 82);
INSERT INTO `data_training` VALUES (4255, 1, 'FIKA LIFIANA', 85, 82, 82, 82, 80, 82, 83, 81, 82);
INSERT INTO `data_training` VALUES (4256, 1, 'FIKRI CAHYA PUTRA WARA', 85, 82, 79, 82, 80, 79, 82, 80, 85);
INSERT INTO `data_training` VALUES (4257, 1, 'ISA FEBIANA', 86, 86, 84, 84, 85, 82, 84, 82, 82);
INSERT INTO `data_training` VALUES (4258, 1, 'MUHAMAT FARDAN NUGEROHO', 86, 81, 81, 81, 82, 79, 83, 81, 82);
INSERT INTO `data_training` VALUES (4259, 1, 'MOHAMMAD SADAM KHOLID FEBRIYANI', 82, 79, 75, 79, 77, 77, 86, 81, 80);
INSERT INTO `data_training` VALUES (4260, 1, 'MIA NANDA FITRIANI', 87, 82, 79, 82, 80, 82, 81, 81, 83);
INSERT INTO `data_training` VALUES (4261, 1, 'MUTIA SULISTIA RINI', 82, 80, 78, 81, 79, 79, 82, 81, 79);
INSERT INTO `data_training` VALUES (4262, 1, 'NANDA FEBRIANA', 84, 83, 81, 83, 82, 82, 83, 82, 82);
INSERT INTO `data_training` VALUES (4263, 1, 'NANDA ZAKARIA', 83, 81, 77, 79, 78, 80, 82, 80, 80);
INSERT INTO `data_training` VALUES (4264, 1, 'NAZALA SHAFA CHOIRUNIDA', 85, 82, 83, 83, 83, 81, 84, 82, 87);
INSERT INTO `data_training` VALUES (4265, 1, 'NONIK APRILIA DEWI ASTUTI', 84, 83, 80, 82, 81, 79, 82, 81, 80);
INSERT INTO `data_training` VALUES (4266, 1, 'NOVA FITRI RAHMAWATI', 84, 82, 84, 80, 81, 80, 82, 81, 81);
INSERT INTO `data_training` VALUES (4267, 1, 'NOVIANA DWI SAPUTRI', 84, 83, 78, 81, 80, 81, 82, 82, 83);
INSERT INTO `data_training` VALUES (4268, 1, 'PRISCA ZAHWA SHOFYANTIN', 84, 81, 79, 82, 80, 82, 82, 81, 80);
INSERT INTO `data_training` VALUES (4269, 1, 'PUPUT ROFIQOH SEPTIYANA', 84, 81, 74, 81, 79, 78, 82, 80, 80);
INSERT INTO `data_training` VALUES (4270, 1, 'RATIH FENTIYANI', 85, 82, 79, 81, 79, 79, 83, 81, 80);
INSERT INTO `data_training` VALUES (4271, 1, 'RENI MARYANI', 85, 82, 75, 83, 78, 82, 82, 81, 82);
INSERT INTO `data_training` VALUES (4272, 1, 'RIRIN SITI NURAISYAH', 85, 81, 79, 82, 80, 80, 83, 82, 80);
INSERT INTO `data_training` VALUES (4273, 1, 'SAFIRA WULANDARI', 85, 83, 79, 83, 79, 82, 83, 82, 83);
INSERT INTO `data_training` VALUES (4274, 1, 'SAFITRI YULIS SETIYANI', 84, 82, 78, 83, 80, 80, 83, 80, 78);
INSERT INTO `data_training` VALUES (4275, 1, 'SALMA JANATUN NAFIAH', 85, 83, 79, 83, 78, 82, 83, 82, 82);
INSERT INTO `data_training` VALUES (4276, 1, 'SHINTA AULIA SEPTIANA', 87, 82, 82, 82, 78, 81, 82, 82, 82);
INSERT INTO `data_training` VALUES (4277, 1, 'SILVIA ANGGI AGUSTINA', 87, 84, 79, 82, 82, 81, 83, 82, 85);
INSERT INTO `data_training` VALUES (4278, 5, 'ALFANTYO MUHAMMAD JUNIAWAN', 87, 86, 83, 86, 84, 82, 82, 81, 82);
INSERT INTO `data_training` VALUES (4279, 5, 'ANGGI SAPUTRI', 82, 84, 81, 84, 79, 82, 80, 82, 82);
INSERT INTO `data_training` VALUES (4280, 5, 'ARINA STANIA BINTA', 87, 85, 80, 84, 80, 83, 80, 82, 85);
INSERT INTO `data_training` VALUES (4281, 5, 'AVRILIA KARTIKA NINGRUM', 82, 81, 79, 83, 81, 77, 81, 80, 85);
INSERT INTO `data_training` VALUES (4282, 5, 'DIAS NUR LAILA PUTRI AGUSTIN', 86, 83, 85, 83, 80, 79, 81, 80, 82);
INSERT INTO `data_training` VALUES (4283, 5, 'ERSA FITRIANA SARI', 83, 83, 81, 84, 79, 85, 80, 82, 81);
INSERT INTO `data_training` VALUES (4284, 5, 'FARID RHEDO ALFARIDZKY', 82, 83, 80, 85, 79, 85, 82, 83, 86);
INSERT INTO `data_training` VALUES (4285, 5, 'FARMETA NINDI ROSALIA. S', 85, 80, 81, 81, 78, 78, 77, 81, 82);
INSERT INTO `data_training` VALUES (4286, 5, 'FEBRIAN SAPUTRA', 84, 79, 78, 82, 77, 76, 80, 71, 80);
INSERT INTO `data_training` VALUES (4287, 5, 'FIKO CAHAYA', 82, 81, 80, 84, 79, 82, 80, 81, 82);
INSERT INTO `data_training` VALUES (4288, 5, 'FIKRI NUR FATHURRAHMAN', 85, 82, 80, 85, 81, 83, 79, 82, 86);
INSERT INTO `data_training` VALUES (4289, 5, 'HAFIZH ABDULLAH', 84, 83, 80, 86, 79, 83, 82, 82, 83);
INSERT INTO `data_training` VALUES (4290, 5, 'HARI ASA WIRAWAN', 83, 80, 78, 82, 78, 81, 80, 81, 83);
INSERT INTO `data_training` VALUES (4291, 5, 'IRFAN FEBRIANTO', 90, 88, 86, 87, 85, 90, 83, 85, 86);
INSERT INTO `data_training` VALUES (4292, 5, 'LENI RACHMAWATI', 86, 87, 80, 84, 78, 83, 82, 82, 82);
INSERT INTO `data_training` VALUES (4293, 5, 'M. RIZAL AL MUNAWAN', 81, 80, 79, 83, 78, 83, 81, 82, 82);
INSERT INTO `data_training` VALUES (4294, 5, 'MUFID AL FADZILAH', 86, 79, 78, 81, 78, 79, 81, 78, 84);
INSERT INTO `data_training` VALUES (4295, 5, 'MUHAMMAD ARIEL RACHMAN', 83, 84, 85, 82, 79, 80, 82, 78, 85);
INSERT INTO `data_training` VALUES (4296, 5, 'NAUFAL ANDHIKA PRATAMA', 82, 80, 77, 84, 77, 77, 85, 78, 80);
INSERT INTO `data_training` VALUES (4297, 5, 'NIKMATUL JANNAH', 85, 88, 89, 84, 81, 82, 80, 82, 84);
INSERT INTO `data_training` VALUES (4298, 5, 'PRIZCA ASTY ANDREANA', 86, 85, 80, 84, 80, 84, 78, 83, 83);
INSERT INTO `data_training` VALUES (4299, 5, 'QORINUR DESVINA MAHARANI', 85, 88, 81, 85, 79, 85, 80, 82, 86);
INSERT INTO `data_training` VALUES (4300, 5, 'RAMZI FAKHRIZAL', 87, 87, 82, 85, 82, 86, 83, 82, 85);
INSERT INTO `data_training` VALUES (4301, 5, 'RAVIQI ADEMORO PUTRA KUSUMA', 81, 84, 82, 83, 81, 79, 80, 82, 88);
INSERT INTO `data_training` VALUES (4302, 5, 'REZA FAJAR AFRIADI', 82, 80, 80, 83, 79, 82, 79, 82, 80);
INSERT INTO `data_training` VALUES (4303, 5, 'RINTAN LATIFAH', 82, 82, 83, 81, 79, 76, 81, 82, 89);
INSERT INTO `data_training` VALUES (4304, 5, 'RISDA NUR AINI', 87, 85, 82, 83, 79, 85, 82, 82, 85);
INSERT INTO `data_training` VALUES (4305, 5, 'SAHROTUN NAFIAH', 84, 84, 80, 84, 80, 83, 79, 80, 84);
INSERT INTO `data_training` VALUES (4306, 5, 'SALSA BILLA NURFITRIA', 86, 87, 82, 86, 83, 85, 84, 83, 85);
INSERT INTO `data_training` VALUES (4307, 5, 'SALSABILA DWI HABIBAH PUTRI', 90, 88, 80, 85, 84, 89, 82, 82, 88);
INSERT INTO `data_training` VALUES (4308, 5, 'SHIFA SELVIRA DHEFANI PUTRI', 85, 84, 78, 83, 81, 85, 82, 82, 85);
INSERT INTO `data_training` VALUES (4309, 5, 'SUCI NOVITASARI', 85, 86, 82, 87, 80, 84, 81, 82, 84);
INSERT INTO `data_training` VALUES (4310, 5, 'WAHYU BAHARRUDIN SYAH', 81, 80, 80, 79, 78, 78, 83, 79, 79);
INSERT INTO `data_training` VALUES (4311, 5, 'WASIS CAHYONO AJI', 83, 82, 81, 83, 78, 82, 80, 82, 82);
INSERT INTO `data_training` VALUES (4312, 5, 'ZULVA ARUMA ISHA', 91, 85, 89, 86, 80, 86, 83, 83, 86);
INSERT INTO `data_training` VALUES (4313, 5, 'ADELIA NUROCHMAH', 84, 84, 81, 84, 80, 83, 81, 82, 84);
INSERT INTO `data_training` VALUES (4314, 5, 'AMANDA DEWI AMELIA', 88, 87, 88, 86, 80, 86, 81, 82, 87);
INSERT INTO `data_training` VALUES (4315, 5, 'ANISA DWI YULIANI', 87, 84, 80, 83, 80, 84, 81, 82, 86);
INSERT INTO `data_training` VALUES (4316, 5, 'ARINA GESIT AFRILIA', 83, 84, 80, 85, 79, 82, 80, 82, 82);
INSERT INTO `data_training` VALUES (4317, 5, 'AYU DINAR AMELIA', 83, 83, 78, 84, 78, 81, 80, 82, 82);
INSERT INTO `data_training` VALUES (4318, 5, 'AYUNDA FANI SABATINA', 85, 83, 80, 85, 79, 86, 80, 82, 89);
INSERT INTO `data_training` VALUES (4319, 5, 'DESTYA KRISDINA PUTRI', 84, 83, 79, 84, 79, 84, 81, 82, 82);
INSERT INTO `data_training` VALUES (4320, 5, 'DHEA PAULIN AMALIASYAH', 86, 87, 81, 87, 83, 88, 83, 82, 86);
INSERT INTO `data_training` VALUES (4321, 5, 'DWI YUNIATI', 89, 88, 85, 89, 82, 89, 82, 84, 87);
INSERT INTO `data_training` VALUES (4322, 5, 'FADLY YUDHA PRATAMA', 85, 85, 80, 86, 84, 85, 82, 82, 82);
INSERT INTO `data_training` VALUES (4323, 5, 'FEBRIAN AJI NUGROHO', 87, 84, 80, 86, 83, 81, 83, 79, 84);
INSERT INTO `data_training` VALUES (4324, 5, 'HELMI PRAYOGA', 87, 84, 82, 84, 81, 83, 83, 82, 82);
INSERT INTO `data_training` VALUES (4325, 5, 'IMAM FAUZI', 88, 82, 84, 86, 81, 82, 80, 82, 83);
INSERT INTO `data_training` VALUES (4326, 5, 'JUMI TRIYANI', 84, 82, 79, 84, 78, 80, 80, 81, 81);
INSERT INTO `data_training` VALUES (4327, 5, 'KAYLA PUTRI INAYAH', 83, 80, 79, 84, 79, 86, 83, 82, 86);
INSERT INTO `data_training` VALUES (4328, 5, 'MOCHAMAD SHEVA FIRMANSYAH', 84, 80, 80, 84, 80, 81, 81, 79, 82);
INSERT INTO `data_training` VALUES (4329, 5, 'NAFISATURROFIQOH', 84, 84, 79, 85, 80, 84, 81, 82, 83);
INSERT INTO `data_training` VALUES (4330, 5, 'NAILA GHINA KHAIRUNNISA', 85, 83, 80, 85, 79, 85, 84, 82, 83);
INSERT INTO `data_training` VALUES (4331, 5, 'NAJWA DESTA CAHYANI', 87, 85, 85, 84, 82, 83, 82, 82, 82);
INSERT INTO `data_training` VALUES (4332, 5, 'NAUFAL ARFAN NUGROHO', 80, 80, 77, 81, 76, 78, 85, 78, 81);
INSERT INTO `data_training` VALUES (4333, 5, 'NUR ISNAENI APRILIYANINGSIH', 87, 84, 82, 86, 80, 85, 81, 82, 86);
INSERT INTO `data_training` VALUES (4334, 5, 'OKTY RAHMADANI', 84, 82, 80, 83, 79, 81, 86, 82, 82);
INSERT INTO `data_training` VALUES (4335, 5, 'RAFFELIYA ARIFIN SAPUTRI', 86, 83, 79, 84, 83, 80, 81, 82, 81);
INSERT INTO `data_training` VALUES (4336, 5, 'RATIH INDIARTI MACHMUDAH', 82, 84, 78, 84, 81, 82, 80, 79, 81);
INSERT INTO `data_training` VALUES (4337, 5, 'RISKI KURNIAWAN', 83, 85, 81, 85, 81, 83, 81, 83, 87);
INSERT INTO `data_training` VALUES (4338, 5, 'RIVAN MAHENDRA PUTRA', 84, 86, 86, 85, 81, 85, 81, 82, 86);
INSERT INTO `data_training` VALUES (4339, 5, 'SELLI TAMARA WANDA', 87, 84, 80, 86, 79, 82, 81, 82, 82);
INSERT INTO `data_training` VALUES (4340, 5, 'SITI SHOLEHAH', 86, 84, 81, 85, 80, 83, 80, 82, 82);
INSERT INTO `data_training` VALUES (4341, 5, 'SOFIYATUL INGANAH', 88, 85, 81, 85, 82, 87, 83, 82, 86);
INSERT INTO `data_training` VALUES (4342, 5, 'TEGAR GINASTIAR', 86, 88, 84, 86, 81, 85, 82, 83, 89);
INSERT INTO `data_training` VALUES (4343, 5, 'VEVI AULIA MEY ARSHANDA', 84, 80, 80, 84, 79, 84, 82, 81, 85);
INSERT INTO `data_training` VALUES (4344, 5, 'WIDIYA AYU RAMDANI', 84, 82, 81, 83, 78, 81, 80, 79, 86);
INSERT INTO `data_training` VALUES (4345, 5, 'ZAKY KHOIRUL FAALIH', 87, 85, 89, 85, 83, 83, 82, 82, 83);
INSERT INTO `data_training` VALUES (4346, 5, 'ANGGA REFY MAULANA', 80, 81, 77, 80, 79, 82, 80, 78, 82);
INSERT INTO `data_training` VALUES (4347, 5, 'AAN WALHIDAYAT', 80, 83, 80, 82, 78, 79, 81, 78, 86);
INSERT INTO `data_training` VALUES (4348, 5, 'ACHMAD SYAHRUR ROMADON', 82, 83, 85, 84, 80, 81, 82, 82, 85);
INSERT INTO `data_training` VALUES (4349, 5, 'AFRI LIANA', 80, 80, 78, 79, 77, 76, 85, 74, 80);
INSERT INTO `data_training` VALUES (4350, 5, 'ALDY PRIYO RAHARJO', 79, 78, 78, 79, 76, 76, 79, 78, 79);
INSERT INTO `data_training` VALUES (4351, 5, 'ANDIN SEKAR PRASASTI', 80, 78, 74, 80, 75, 79, 79, 78, 79);
INSERT INTO `data_training` VALUES (4352, 5, 'ANNISA MUIZZULOH', 83, 81, 79, 84, 80, 81, 80, 81, 86);
INSERT INTO `data_training` VALUES (4353, 5, 'ARUM PRIASIH', 81, 79, 80, 83, 77, 79, 80, 79, 81);
INSERT INTO `data_training` VALUES (4354, 5, 'DELLA FATUR FADILA SHANDI', 81, 79, 78, 83, 78, 81, 83, 82, 85);
INSERT INTO `data_training` VALUES (4355, 5, 'EVAN PUTRA PURWANDANU', 82, 81, 78, 83, 80, 80, 86, 80, 86);
INSERT INTO `data_training` VALUES (4356, 5, 'FARAH SUMAYA', 81, 83, 81, 85, 78, 79, 78, 78, 82);
INSERT INTO `data_training` VALUES (4357, 5, 'FARIDHO RIZAL BAEHAQI', 78, 78, 76, 79, 77, 77, 78, 78, 80);
INSERT INTO `data_training` VALUES (4358, 5, 'FERONIKA MELIYANA PUTRI', 86, 83, 82, 85, 79, 83, 80, 82, 83);
INSERT INTO `data_training` VALUES (4359, 5, 'GALUH NURRAMADANI', 85, 81, 79, 81, 77, 80, 79, 74, 82);
INSERT INTO `data_training` VALUES (4360, 5, 'GENTA RIZKI KHOIRON', 80, 80, 77, 79, 78, 84, 82, 74, 82);
INSERT INTO `data_training` VALUES (4361, 5, 'ILYAS ARYAPUTRA PRATAMA', 84, 88, 88, 84, 83, 83, 81, 82, 86);
INSERT INTO `data_training` VALUES (4362, 5, 'KARINA PUTRI SEPTIANI', 85, 85, 84, 83, 79, 82, 80, 82, 84);
INSERT INTO `data_training` VALUES (4363, 5, 'KHOERUL AMALIA RAMADHANI', 81, 78, 76, 81, 77, 79, 81, 78, 82);
INSERT INTO `data_training` VALUES (4364, 5, 'KURNIA MEGA UTAMI', 82, 82, 80, 84, 79, 82, 80, 81, 82);
INSERT INTO `data_training` VALUES (4365, 5, 'MARWA HILDA WULANDARI', 81, 79, 77, 83, 78, 82, 85, 80, 83);
INSERT INTO `data_training` VALUES (4366, 5, 'MEZA DWI ARISTIANTI', 82, 81, 79, 80, 78, 79, 80, 77, 82);
INSERT INTO `data_training` VALUES (4367, 5, 'MUHAMMAD AKHYAR AJI PAMUNGKAS', 81, 79, 77, 79, 77, 78, 78, 78, 82);
INSERT INTO `data_training` VALUES (4368, 5, 'MUHAMMAD ARDAN FIKRIANSYAH', 84, 83, 80, 84, 83, 83, 81, 78, 82);
INSERT INTO `data_training` VALUES (4369, 5, 'MUHAMMAD LUTHFAN ZAKI', 80, 81, 78, 79, 77, 79, 84, 76, 81);
INSERT INTO `data_training` VALUES (4370, 5, 'MUHAMMAD RAFLY ADITTANA', 80, 78, 77, 79, 77, 78, 85, 78, 80);
INSERT INTO `data_training` VALUES (4371, 5, 'NAELIL MAHFIROH', 80, 79, 77, 79, 77, 77, 86, 76, 80);
INSERT INTO `data_training` VALUES (4372, 5, 'OKTAVIANA NUR AZIZAH', 80, 80, 79, 84, 77, 81, 80, 78, 82);
INSERT INTO `data_training` VALUES (4373, 5, 'PUTRI DWI KURNIATI', 86, 82, 81, 84, 79, 82, 82, 81, 82);
INSERT INTO `data_training` VALUES (4374, 5, 'RAMA BAGUS SAPUTRA', 84, 78, 77, 81, 76, 78, 85, 78, 81);
INSERT INTO `data_training` VALUES (4375, 5, 'RINI SUBEKTI', 78, 79, 76, 83, 77, 76, 85, 77, 79);
INSERT INTO `data_training` VALUES (4376, 5, 'SAEFULOH DWI KURNIAWAN', 86, 83, 84, 84, 81, 80, 81, 82, 83);
INSERT INTO `data_training` VALUES (4377, 5, 'SILVIANA HERAWATI', 83, 81, 83, 84, 77, 78, 81, 80, 84);
INSERT INTO `data_training` VALUES (4378, 5, 'WAHYU DHEA EKA SAPUTRI', 84, 82, 83, 85, 80, 83, 80, 82, 84);
INSERT INTO `data_training` VALUES (4379, 2, 'ADITYA NUR DWIHANTORO', 83, 78, 79, 75, 77, 78, 83, 75, 79);
INSERT INTO `data_training` VALUES (4380, 2, 'AFRIKH RIZAL MAULANA', 83, 81, 81, 83, 79, 79, 82, 78, 79);
INSERT INTO `data_training` VALUES (4381, 2, 'ALDIANA NUR FAUZI', 84, 82, 85, 83, 82, 82, 84, 82, 86);
INSERT INTO `data_training` VALUES (4382, 2, 'ANGGA ARIF PRASTOWO', 81, 80, 77, 80, 81, 78, 84, 77, 80);
INSERT INTO `data_training` VALUES (4383, 2, 'BARRA AL AYUBBI WICAKSONO', 85, 80, 81, 82, 81, 78, 84, 77, 84);
INSERT INTO `data_training` VALUES (4384, 2, 'CANDRA GUNAWAN', 80, 81, 77, 80, 79, 76, 82, 78, 79);
INSERT INTO `data_training` VALUES (4385, 2, 'CATUR FAHMI TAUFIQUL ANAM', 85, 81, 84, 84, 81, 78, 84, 81, 84);
INSERT INTO `data_training` VALUES (4386, 2, 'DANIL NUR HIDAYAT', 81, 81, 81, 80, 81, 79, 83, 78, 81);
INSERT INTO `data_training` VALUES (4387, 2, 'DEVA YUDHA RAMADHANA', 81, 80, 80, 84, 80, 77, 82, 76, 81);
INSERT INTO `data_training` VALUES (4388, 2, 'DICKY ADITYA PRADANA', 84, 81, 85, 86, 82, 83, 83, 78, 85);
INSERT INTO `data_training` VALUES (4389, 2, 'EGI FEBRIYANTO', 80, 80, 75, 81, 76, 78, 82, 76, 81);
INSERT INTO `data_training` VALUES (4390, 2, 'FEBI YAANA HANIFFULOH', 80, 80, 79, 81, 80, 79, 82, 76, 80);
INSERT INTO `data_training` VALUES (4391, 2, 'GALIH SETIAWAN', 77, 79, 74, 75, 73, 76, 82, 75, 79);
INSERT INTO `data_training` VALUES (4392, 2, 'GHANIY SETIAWAN', 82, 81, 83, 82, 79, 79, 83, 78, 81);
INSERT INTO `data_training` VALUES (4393, 2, 'HANIF EKO SAPUTRO', 84, 83, 84, 84, 81, 83, 84, 82, 83);
INSERT INTO `data_training` VALUES (4394, 2, 'ILHAM NURFAKHRI RAMADANI', 85, 82, 85, 84, 81, 83, 84, 82, 84);
INSERT INTO `data_training` VALUES (4395, 2, 'IRFAN AJI PRATOMO', 80, 82, 83, 84, 80, 79, 83, 78, 81);
INSERT INTO `data_training` VALUES (4396, 2, 'MOHAMAD NIDHOM MUTTAQIN', 83, 80, 78, 78, 79, 77, 82, 77, 79);
INSERT INTO `data_training` VALUES (4397, 2, 'MOHAMAD ZIDAN PRAMBUDI', 81, 79, 78, 75, 80, 77, 82, 77, 80);
INSERT INTO `data_training` VALUES (4398, 2, 'MUHAMMAD RIFKI', 83, 84, 82, 84, 82, 83, 84, 82, 83);
INSERT INTO `data_training` VALUES (4399, 2, 'NANDA BRAMUDA MULIAWAN', 83, 80, 82, 83, 81, 79, 84, 78, 85);
INSERT INTO `data_training` VALUES (4400, 2, 'PRISNA ADITIYA', 83, 82, 81, 83, 82, 81, 84, 80, 83);
INSERT INTO `data_training` VALUES (4401, 2, 'RAFI RIO DANY LAKSANA', 81, 80, 81, 82, 79, 80, 83, 79, 81);
INSERT INTO `data_training` VALUES (4402, 2, 'RAGIL SETIAWAN', 84, 81, 83, 83, 81, 80, 83, 79, 84);
INSERT INTO `data_training` VALUES (4403, 2, 'RIDHO ALIF SAPUTRA', 82, 81, 81, 82, 80, 77, 83, 77, 83);
INSERT INTO `data_training` VALUES (4404, 2, 'RIZKY ADITYA HIDAYAT', 81, 81, 80, 83, 80, 75, 82, 77, 81);
INSERT INTO `data_training` VALUES (4405, 2, 'TEGAR DWI PRASETYO', 80, 79, 75, 79, 74, 77, 82, 75, 78);
INSERT INTO `data_training` VALUES (4406, 2, 'TOLANGAL MUSTOFA ABDUL JAFAR AL KHARIRI', 82, 80, 83, 79, 80, 79, 84, 77, 81);
INSERT INTO `data_training` VALUES (4407, 2, 'TRIYANA', 85, 82, 85, 80, 82, 80, 84, 78, 87);
INSERT INTO `data_training` VALUES (4408, 2, 'WAHYU RAMADHAN', 83, 81, 85, 83, 81, 78, 84, 78, 84);
INSERT INTO `data_training` VALUES (4409, 2, 'YOGI ANDREANSAH', 83, 80, 79, 82, 77, 77, 83, 78, 81);
INSERT INTO `data_training` VALUES (4410, 2, 'YOGI ICHWAN NUR SANTOSO', 80, 79, 78, 79, 78, 78, 82, 76, 80);
INSERT INTO `data_training` VALUES (4411, 2, 'YOSEVA EKA RENDY DUWIARYO', 77, 77, 74, 71, 72, 78, 82, 77, 74);
INSERT INTO `data_training` VALUES (4412, 2, 'ACHMAD SIDIK SETIYAWAN', 84, 82, 79, 84, 82, 79, 83, 79, 82);
INSERT INTO `data_training` VALUES (4413, 2, 'ALFIAN BAGUS NUGROHO', 82, 81, 77, 82, 78, 80, 83, 78, 83);
INSERT INTO `data_training` VALUES (4414, 2, 'AMAD SOLIHIN', 81, 81, 81, 84, 79, 79, 84, 82, 81);
INSERT INTO `data_training` VALUES (4415, 2, 'ARYA PANDHU PUTRA PRAMASTYA', 83, 80, 80, 82, 80, 77, 83, 79, 85);
INSERT INTO `data_training` VALUES (4416, 2, 'ARYADI PAMILU', 85, 82, 86, 86, 81, 82, 83, 82, 85);
INSERT INTO `data_training` VALUES (4417, 2, 'DANNIEL OLIVIER', 80, 81, 76, 82, 77, 77, 82, 77, 79);
INSERT INTO `data_training` VALUES (4418, 2, 'DEDE NADILAH', 82, 80, 80, 81, 81, 79, 82, 77, 81);
INSERT INTO `data_training` VALUES (4419, 2, 'DIMAS HIBAN RAHMATULLOH', 83, 81, 82, 85, 80, 81, 84, 79, 81);
INSERT INTO `data_training` VALUES (4420, 2, 'DWI PRASETYO', 85, 83, 85, 83, 81, 80, 84, 82, 83);
INSERT INTO `data_training` VALUES (4421, 2, 'GUNAWAN', 83, 82, 81, 82, 79, 77, 82, 78, 83);
INSERT INTO `data_training` VALUES (4422, 2, 'HAMDAN RIFAI', 80, 81, 79, 81, 77, 76, 82, 80, 80);
INSERT INTO `data_training` VALUES (4423, 2, 'HARYANTO ADI NUGROHO', 82, 81, 77, 82, 78, 76, 83, 78, 82);
INSERT INTO `data_training` VALUES (4424, 2, 'HENDRI HERMAWAN', 82, 82, 79, 83, 79, 78, 83, 79, 83);
INSERT INTO `data_training` VALUES (4425, 2, 'IMAM KURNIAWAN', 84, 83, 82, 83, 79, 78, 82, 78, 81);
INSERT INTO `data_training` VALUES (4426, 2, 'IQBAL DAMAR ALDI SAPUTRA', 83, 82, 83, 82, 79, 77, 83, 78, 80);
INSERT INTO `data_training` VALUES (4427, 2, 'IQBAL TRIS SATMOKO', 85, 82, 83, 86, 81, 80, 83, 83, 84);
INSERT INTO `data_training` VALUES (4428, 2, 'LUTFI YOGA ARIFIN', 84, 81, 87, 83, 80, 80, 83, 80, 89);
INSERT INTO `data_training` VALUES (4429, 2, 'MUHAMMAD GIBRAN AL FAREN', 87, 82, 89, 86, 82, 82, 84, 79, 85);
INSERT INTO `data_training` VALUES (4430, 2, 'NATAN HAMIDULLAH', 80, 80, 74, 82, 76, 77, 82, 79, 80);
INSERT INTO `data_training` VALUES (4431, 2, 'NUSANTARA BAGAS SAPUTRA', 86, 84, 86, 87, 80, 81, 84, 81, 83);
INSERT INTO `data_training` VALUES (4432, 2, 'PANDHYA RIZSWARADANA', 85, 83, 83, 85, 82, 81, 83, 81, 86);
INSERT INTO `data_training` VALUES (4433, 2, 'RAMADHAN ADI NUR FITRIANTO', 77, 78, 74, 82, 74, 76, 82, 76, 79);
INSERT INTO `data_training` VALUES (4434, 2, 'RIDHO BEMBI PANGESTU', 83, 80, 78, 83, 80, 78, 82, 79, 83);
INSERT INTO `data_training` VALUES (4435, 2, 'RIYAN HIDAYAT', 84, 81, 85, 84, 80, 78, 83, 80, 82);
INSERT INTO `data_training` VALUES (4436, 2, 'RIZKI PRIYONO', 83, 81, 85, 83, 81, 78, 83, 78, 82);
INSERT INTO `data_training` VALUES (4437, 2, 'RIZKY DEKA ADI PRANATA', 84, 81, 81, 84, 80, 79, 83, 82, 88);
INSERT INTO `data_training` VALUES (4438, 2, 'ROHIBUL IKHSAN', 83, 80, 85, 85, 81, 79, 83, 78, 84);
INSERT INTO `data_training` VALUES (4439, 2, 'SAMUDRA AQRIZA NUR AKBAR', 83, 80, 77, 80, 79, 77, 82, 77, 81);
INSERT INTO `data_training` VALUES (4440, 2, 'SATRIA ALIEF PUTRA HERMAWAN', 83, 81, 81, 84, 81, 79, 82, 82, 82);
INSERT INTO `data_training` VALUES (4441, 2, 'SEHAT HARYANTO', 86, 85, 93, 89, 85, 83, 84, 83, 88);
INSERT INTO `data_training` VALUES (4442, 2, 'SONI IRAWAN SIMBOLON', 82, 82, 84, 82, 77, 79, 82, 80, 82);
INSERT INTO `data_training` VALUES (4443, 2, 'TEJA DWI PRATIKNYO', 84, 80, 80, 83, 80, 77, 83, 82, 82);
INSERT INTO `data_training` VALUES (4444, 2, 'TRI ANANDA', 84, 83, 80, 82, 80, 77, 83, 78, 80);
INSERT INTO `data_training` VALUES (4445, 2, 'WAHYU SUBARKAH', 84, 81, 84, 82, 78, 77, 82, 78, 81);
INSERT INTO `data_training` VALUES (4446, 2, 'ADHANG ARYA WIGUNO', 82, 81, 77, 82, 79, 76, 83, 78, 83);
INSERT INTO `data_training` VALUES (4447, 2, 'ADIS NURDIANTO', 79, 81, 77, 79, 78, 76, 83, 78, 83);
INSERT INTO `data_training` VALUES (4448, 2, 'ADRIAN ARDIANSYAH', 82, 81, 77, 81, 81, 76, 86, 79, 81);
INSERT INTO `data_training` VALUES (4449, 2, 'AJUJ HAWARI LUCKY NUGROHO', 81, 80, 77, 81, 79, 76, 86, 75, 80);
INSERT INTO `data_training` VALUES (4450, 2, 'ALBARRIAN LUHUR WICAKSONO', 82, 81, 78, 80, 80, 81, 86, 76, 84);
INSERT INTO `data_training` VALUES (4451, 2, 'ALFA RASYID FIKRI AL ASYRAF', 82, 80, 82, 81, 80, 80, 83, 75, 80);
INSERT INTO `data_training` VALUES (4452, 2, 'ANDHIKA RASYID HIDAYAT', 83, 79, 77, 77, 79, 79, 85, 75, 81);
INSERT INTO `data_training` VALUES (4453, 2, 'BAGUS TRI PAMBUDI', 77, 77, 76, 79, 73, 79, 83, 78, 79);
INSERT INTO `data_training` VALUES (4454, 2, 'BANGKIT PANCA ADI SETIYA', 77, 78, 73, 79, 75, 77, 83, 76, 79);
INSERT INTO `data_training` VALUES (4455, 2, 'BIMA OKTAVIANUS PRAMESTYA', 85, 81, 81, 80, 81, 79, 85, 76, 84);
INSERT INTO `data_training` VALUES (4456, 2, 'DANU YUDHA FERDIANSYAH', 81, 80, 81, 82, 82, 80, 84, 78, 80);
INSERT INTO `data_training` VALUES (4457, 2, 'DAVID PRADITYA SAPUTRA', 83, 82, 79, 83, 79, 79, 82, 78, 79);
INSERT INTO `data_training` VALUES (4458, 2, 'DEVA DWI SAPUTRA', 83, 80, 85, 83, 81, 76, 83, 76, 80);
INSERT INTO `data_training` VALUES (4459, 2, 'DIMAS SYAHPUTRA', 83, 81, 79, 77, 80, 78, 82, 76, 80);
INSERT INTO `data_training` VALUES (4460, 2, 'DIVA TRIANTORO', 81, 80, 79, 81, 78, 76, 83, 76, 82);
INSERT INTO `data_training` VALUES (4461, 2, 'EKA BAGUS KURNIAWAN', 81, 82, 78, 84, 81, 78, 83, 78, 80);
INSERT INTO `data_training` VALUES (4462, 2, 'FAJRI AGUS TANTONO', 83, 81, 84, 81, 80, 79, 85, 82, 86);
INSERT INTO `data_training` VALUES (4463, 2, 'FEBRI ANDRI', 80, 81, 82, 82, 80, 76, 84, 76, 81);
INSERT INTO `data_training` VALUES (4464, 2, 'FIKA BAYU AJI PRAKOSO', 82, 81, 78, 80, 80, 78, 82, 75, 79);
INSERT INTO `data_training` VALUES (4465, 2, 'FIRMAN SIDIK PRIYANTO', 80, 80, 76, 79, 78, 76, 85, 78, 78);
INSERT INTO `data_training` VALUES (4466, 2, 'HENDI PRATAMA', 82, 81, 77, 81, 75, 78, 82, 78, 81);
INSERT INTO `data_training` VALUES (4467, 2, 'ILHAM NURHIDAYAT', 80, 81, 77, 84, 79, 80, 86, 75, 80);
INSERT INTO `data_training` VALUES (4468, 2, 'ILHAM RAMADANI', 82, 82, 79, 85, 83, 79, 84, 78, 83);
INSERT INTO `data_training` VALUES (4469, 2, 'MOH. HERMANSYAH', 82, 80, 76, 80, 79, 75, 82, 75, 78);
INSERT INTO `data_training` VALUES (4470, 2, 'MOHAMAD ROIF MUZAKKI', 83, 81, 77, 81, 77, 78, 82, 78, 80);
INSERT INTO `data_training` VALUES (4471, 2, 'MUHAMMAD DAVIN KRISNANDAR', 83, 81, 79, 81, 79, 78, 83, 78, 82);
INSERT INTO `data_training` VALUES (4472, 2, 'MUHAMMAD DZAKY AL NGAFIF', 82, 81, 78, 79, 80, 81, 83, 78, 80);
INSERT INTO `data_training` VALUES (4473, 2, 'MUHAMMAD HUSAIN AJI SAPUTRA', 80, 80, 78, 79, 76, 80, 85, 75, 78);
INSERT INTO `data_training` VALUES (4474, 2, 'MUKTI DWI PRAKOSA', 83, 81, 81, 78, 79, 78, 86, 75, 78);
INSERT INTO `data_training` VALUES (4475, 2, 'PRADIKA YANUAR SINDU PRATAMA', 80, 78, 76, 80, 74, 77, 86, 75, 78);
INSERT INTO `data_training` VALUES (4476, 2, 'RADYA CHESTA MAHARDIKA', 77, 78, 73, 80, 73, 75, 83, 76, 78);
INSERT INTO `data_training` VALUES (4477, 2, 'RAYA BAGUS TRI SAPUTRA', 77, 79, 73, 81, 75, 75, 83, 76, 77);
INSERT INTO `data_training` VALUES (4478, 2, 'SULHAN ARIF', 82, 81, 81, 83, 79, 77, 83, 78, 79);
INSERT INTO `data_training` VALUES (4479, 2, 'TUNGGAL PAMUNGKAS', 82, 80, 79, 80, 79, 78, 82, 75, 83);
INSERT INTO `data_training` VALUES (4480, 2, 'WYLDAN RIZQI SEPTIAN NUGROHO', 81, 80, 77, 80, 74, 77, 85, 76, 79);
INSERT INTO `data_training` VALUES (4481, 2, 'ZAMRENO ALFIN NURWAHID', 82, 81, 81, 81, 82, 77, 83, 78, 81);
INSERT INTO `data_training` VALUES (4482, 3, 'SAHRUL RIDWAN MAULANA', 80, 82, 78, 81, 77, 79, 81, 82, 83);
INSERT INTO `data_training` VALUES (4483, 3, 'SLAMET RIYANTO', 82, 84, 79, 82, 81, 84, 87, 79, 86);
INSERT INTO `data_training` VALUES (4484, 3, 'ADHITYA INDRA PRATAMA PUTRA', 82, 84, 78, 85, 77, 81, 82, 82, 85);
INSERT INTO `data_training` VALUES (4485, 3, 'AFFAN NUGROHO', 83, 82, 79, 84, 81, 80, 85, 77, 82);
INSERT INTO `data_training` VALUES (4486, 3, 'ALFIRA NUR ISLAMI SALMA', 84, 84, 80, 85, 81, 79, 83, 82, 82);
INSERT INTO `data_training` VALUES (4487, 3, 'ALIF HARTOYO', 81, 82, 78, 84, 83, 73, 82, 76, 83);
INSERT INTO `data_training` VALUES (4488, 3, 'ALVI MUSYAFA ATIN', 84, 84, 78, 84, 84, 82, 84, 83, 85);
INSERT INTO `data_training` VALUES (4489, 3, 'ANDIKA SETIYAWAN', 75, 82, 79, 84, 83, 75, 83, 83, 80);
INSERT INTO `data_training` VALUES (4490, 3, 'ANGGUN MAEDANIA PRAMESTI', 82, 83, 77, 83, 76, 76, 81, 76, 82);
INSERT INTO `data_training` VALUES (4491, 3, 'AZIS TRIJAYA REJEKI', 80, 81, 78, 80, 83, 71, 80, 76, 81);
INSERT INTO `data_training` VALUES (4492, 3, 'AZIZ ARROSYID', 82, 83, 79, 84, 76, 78, 80, 77, 82);
INSERT INTO `data_training` VALUES (4493, 3, 'BANGKIT HASTAYANA', 82, 82, 78, 80, 81, 73, 81, 76, 80);
INSERT INTO `data_training` VALUES (4494, 3, 'BARKAH WIDODO', 81, 84, 78, 83, 80, 80, 82, 82, 82);
INSERT INTO `data_training` VALUES (4495, 3, 'DEA AYU ANDIRA SITI ROBIQOH', 82, 81, 79, 85, 81, 82, 82, 82, 80);
INSERT INTO `data_training` VALUES (4496, 3, 'DESTA NURMA AULIA', 85, 83, 92, 87, 86, 83, 83, 82, 83);
INSERT INTO `data_training` VALUES (4497, 3, 'DITA ISNAENI MIFTAKHUL KHASANAH', 85, 82, 78, 80, 82, 73, 80, 77, 81);
INSERT INTO `data_training` VALUES (4498, 3, 'EVA APRIYANI', 83, 83, 80, 83, 79, 82, 82, 82, 80);
INSERT INTO `data_training` VALUES (4499, 3, 'FAHRUL FANANI', 84, 84, 81, 86, 83, 82, 84, 82, 86);
INSERT INTO `data_training` VALUES (4500, 3, 'FARHAN AFANDY', 83, 84, 80, 86, 83, 82, 83, 81, 83);
INSERT INTO `data_training` VALUES (4501, 3, 'FITRI CANDRAWATI', 84, 86, 82, 86, 88, 83, 85, 82, 87);
INSERT INTO `data_training` VALUES (4502, 3, 'KUNTORO AJI', 84, 86, 85, 85, 89, 80, 84, 83, 85);
INSERT INTO `data_training` VALUES (4503, 3, 'LATIFAH ERLIN SULISTIANA', 82, 84, 78, 84, 80, 81, 82, 82, 80);
INSERT INTO `data_training` VALUES (4504, 3, 'MEISYA CAHYA FADILA', 84, 84, 80, 86, 86, 83, 82, 82, 86);
INSERT INTO `data_training` VALUES (4505, 3, 'MUHAMMAD AFRIZA HILDAN', 82, 81, 79, 86, 85, 80, 83, 82, 81);
INSERT INTO `data_training` VALUES (4506, 3, 'NADIA RAHMA AGUSTIN', 83, 86, 80, 85, 84, 80, 83, 82, 83);
INSERT INTO `data_training` VALUES (4507, 3, 'NESI AYISTIANI', 82, 84, 78, 85, 81, 80, 82, 82, 81);
INSERT INTO `data_training` VALUES (4508, 3, 'PUTRI YAN BERLIANA', 81, 83, 78, 85, 76, 79, 81, 82, 81);
INSERT INTO `data_training` VALUES (4509, 3, 'RIFKI DIMAS SATRIO', 81, 83, 79, 83, 81, 80, 81, 82, 82);
INSERT INTO `data_training` VALUES (4510, 3, 'RIFKY DWI RIYANTO', 80, 83, 77, 84, 76, 82, 81, 82, 83);
INSERT INTO `data_training` VALUES (4511, 3, 'SANTI NAVISYA NURAINI', 76, 81, 77, 79, 80, 74, 80, 75, 81);
INSERT INTO `data_training` VALUES (4512, 3, 'SHINTA NABILA NURAINI', 75, 81, 75, 81, 76, 73, 80, 75, 81);
INSERT INTO `data_training` VALUES (4513, 3, 'SUKMA RIZKI NINGSIH', 84, 84, 79, 85, 82, 82, 82, 82, 84);
INSERT INTO `data_training` VALUES (4514, 3, 'SYIFA NAURAHANING TYAS', 80, 83, 79, 84, 80, 80, 82, 78, 82);
INSERT INTO `data_training` VALUES (4515, 3, 'YULIA NUR HALIZA', 82, 81, 79, 84, 77, 79, 80, 77, 83);
INSERT INTO `data_training` VALUES (4516, 3, 'ZAHRA ALIFIA RAHMADANI', 83, 83, 78, 84, 80, 80, 81, 81, 81);
INSERT INTO `data_training` VALUES (4517, 3, 'ADESCA ARDRIANSYAH RAUF', 84, 83, 79, 84, 82, 82, 81, 82, 83);
INSERT INTO `data_training` VALUES (4518, 3, 'AFIFAH BUDIARTI', 84, 84, 84, 85, 82, 82, 84, 82, 84);
INSERT INTO `data_training` VALUES (4519, 3, 'AGUS SETIAJI', 84, 83, 80, 83, 82, 82, 84, 81, 83);
INSERT INTO `data_training` VALUES (4520, 3, 'AISTIKA VANESSA FAJRI', 85, 83, 85, 85, 83, 82, 84, 82, 85);
INSERT INTO `data_training` VALUES (4521, 3, 'AJENG RAHMA PRAMUDITA', 84, 83, 83, 84, 82, 82, 85, 81, 87);
INSERT INTO `data_training` VALUES (4522, 3, 'ALIF FUDIN', 85, 84, 82, 84, 84, 77, 83, 81, 81);
INSERT INTO `data_training` VALUES (4523, 3, 'ALYA SHAYMA', 85, 84, 83, 85, 77, 82, 83, 81, 86);
INSERT INTO `data_training` VALUES (4524, 3, 'ANDHIKA RAHMAN VERIYANTO', 83, 82, 80, 83, 82, 77, 82, 81, 80);
INSERT INTO `data_training` VALUES (4525, 3, 'ANISA AINUR RAKHMAH', 85, 84, 81, 85, 83, 82, 83, 82, 86);
INSERT INTO `data_training` VALUES (4526, 3, 'ANUGRAH PURNA AMUMPUNI', 85, 86, 81, 85, 81, 81, 85, 83, 86);
INSERT INTO `data_training` VALUES (4527, 3, 'ARDAN SIANTURI', 83, 84, 80, 82, 83, 77, 81, 82, 82);
INSERT INTO `data_training` VALUES (4528, 3, 'DINDA RISMA TIA UTAMI', 84, 84, 79, 85, 80, 82, 85, 82, 81);
INSERT INTO `data_training` VALUES (4529, 3, 'FAIDATUL MAISAROH', 87, 85, 86, 86, 84, 83, 84, 81, 86);
INSERT INTO `data_training` VALUES (4530, 3, 'FERI ARDIANSAH ', 83, 84, 80, 81, 80, 78, 81, 81, 82);
INSERT INTO `data_training` VALUES (4531, 3, 'FIKA NUR FAIZAH', 83, 83, 80, 82, 80, 78, 82, 82, 86);
INSERT INTO `data_training` VALUES (4532, 3, 'GUNAWAN', 83, 82, 78, 82, 79, 78, 82, 81, 80);
INSERT INTO `data_training` VALUES (4533, 3, 'JEIYA LOLITA SARI', 84, 86, 79, 85, 80, 77, 81, 81, 82);
INSERT INTO `data_training` VALUES (4534, 3, 'LIVIA FEBRIATI', 81, 81, 78, 81, 83, 77, 80, 81, 82);
INSERT INTO `data_training` VALUES (4535, 3, 'MARITZA SEBASTIAN', 82, 84, 79, 83, 83, 82, 82, 82, 81);
INSERT INTO `data_training` VALUES (4536, 3, 'MAULANA ARDIANSYAH', 79, 80, 78, 81, 77, 76, 81, 82, 81);
INSERT INTO `data_training` VALUES (4537, 3, 'MOHAMMAD IMAM NURULLOH', 81, 82, 79, 81, 76, 77, 80, 81, 80);
INSERT INTO `data_training` VALUES (4538, 3, 'MUHAMAD IQBAL PRASETYO', 87, 86, 87, 86, 84, 82, 84, 82, 86);
INSERT INTO `data_training` VALUES (4539, 3, 'MUHAMMAD AZKA DZIKRO', 85, 84, 81, 84, 81, 81, 83, 81, 83);
INSERT INTO `data_training` VALUES (4540, 3, 'MUHAMMAD SUBAKTI', 83, 83, 80, 83, 80, 76, 82, 81, 83);
INSERT INTO `data_training` VALUES (4541, 3, 'NAELIS SANGADAH SALSABILA', 84, 85, 82, 84, 81, 81, 84, 81, 84);
INSERT INTO `data_training` VALUES (4542, 3, 'NAUFAL DZAKI', 82, 85, 79, 81, 83, 77, 81, 81, 82);
INSERT INTO `data_training` VALUES (4543, 3, 'NAZRIEL ALIFTA NAZWA', 83, 84, 81, 82, 83, 78, 83, 81, 83);
INSERT INTO `data_training` VALUES (4544, 3, 'NURFITA', 83, 84, 79, 84, 79, 82, 84, 81, 81);
INSERT INTO `data_training` VALUES (4545, 3, 'RATNA SRI UTAMI', 83, 84, 82, 86, 80, 81, 85, 81, 82);
INSERT INTO `data_training` VALUES (4546, 3, 'REGITA PARWATI', 84, 84, 81, 84, 83, 82, 85, 83, 83);
INSERT INTO `data_training` VALUES (4547, 3, 'SALSABILA ZULIFA DYAH SAFITRI', 83, 84, 80, 85, 81, 82, 83, 83, 82);
INSERT INTO `data_training` VALUES (4548, 3, 'SEVA ELMALIANA', 83, 86, 79, 84, 82, 82, 81, 82, 83);
INSERT INTO `data_training` VALUES (4549, 3, 'TIAS WULANDARI', 83, 81, 82, 84, 82, 82, 84, 82, 81);
INSERT INTO `data_training` VALUES (4550, 3, 'VIVI AGUSTINA', 83, 84, 82, 84, 83, 82, 84, 82, 82);
INSERT INTO `data_training` VALUES (4551, 3, 'WAHIDUN', 82, 83, 79, 83, 77, 78, 81, 82, 82);
INSERT INTO `data_training` VALUES (4552, 3, 'WAHYU ARDIYANTARI', 86, 86, 84, 86, 88, 81, 84, 81, 84);
INSERT INTO `data_training` VALUES (4553, 3, 'ANGGUN LISTIA MAWARDANI', 84, 81, 79, 84, 82, 83, 83, 84, 84);
INSERT INTO `data_training` VALUES (4554, 3, 'ARIF HIDAYAT', 86, 84, 84, 84, 84, 82, 84, 83, 88);
INSERT INTO `data_training` VALUES (4555, 3, 'ARISKA TRIWULANDANI', 84, 84, 82, 85, 81, 82, 84, 83, 88);
INSERT INTO `data_training` VALUES (4556, 3, 'ATIKAH VERA SHEFIANA', 87, 87, 81, 84, 82, 79, 83, 83, 86);
INSERT INTO `data_training` VALUES (4557, 3, 'BAGAS AKBAR RIFANA', 83, 82, 78, 78, 79, 77, 81, 82, 80);
INSERT INTO `data_training` VALUES (4558, 3, 'DESY ANUGERAH PRATIWI', 84, 83, 80, 82, 84, 79, 81, 80, 85);
INSERT INTO `data_training` VALUES (4559, 3, 'DINDA MAYANGSARI', 86, 83, 79, 84, 81, 80, 83, 83, 88);
INSERT INTO `data_training` VALUES (4560, 3, 'FAHRYADI AL IQBAL', 85, 86, 82, 85, 84, 81, 85, 81, 83);
INSERT INTO `data_training` VALUES (4561, 3, 'FALAN AFDHAL MUSYARIF', 83, 83, 78, 82, 83, 78, 81, 80, 84);
INSERT INTO `data_training` VALUES (4562, 3, 'FITRI AUDHINA UTOMO', 84, 83, 81, 84, 81, 80, 83, 81, 83);
INSERT INTO `data_training` VALUES (4563, 3, 'GALIH RAMADANI', 81, 86, 80, 84, 80, 80, 82, 81, 81);
INSERT INTO `data_training` VALUES (4564, 3, 'GAYUH FAJAR AJI SETYAWAN', 83, 83, 79, 83, 82, 79, 83, 80, 83);
INSERT INTO `data_training` VALUES (4565, 3, 'KARTIKA NING TIAS', 84, 84, 82, 83, 82, 82, 83, 80, 88);
INSERT INTO `data_training` VALUES (4566, 3, 'LATIF ADI PANGESTU', 85, 84, 85, 86, 84, 81, 85, 83, 89);
INSERT INTO `data_training` VALUES (4567, 3, 'LIA FEBRIANTI', 85, 84, 82, 84, 87, 81, 84, 84, 85);
INSERT INTO `data_training` VALUES (4568, 3, 'LILIS NURLAILA SETIYANINGSIH', 86, 84, 83, 84, 83, 82, 83, 83, 85);
INSERT INTO `data_training` VALUES (4569, 3, 'MARTVELLA BEAUTY DEWI', 84, 85, 79, 85, 87, 80, 83, 80, 85);
INSERT INTO `data_training` VALUES (4570, 3, 'MARYAM SIVANATUNNAJAH', 85, 83, 79, 83, 81, 81, 83, 81, 83);
INSERT INTO `data_training` VALUES (4571, 3, 'NADIYA FAWWAZAH', 85, 84, 84, 84, 83, 82, 83, 82, 84);
INSERT INTO `data_training` VALUES (4572, 3, 'NISA NURLITA', 83, 84, 83, 82, 85, 79, 83, 81, 86);
INSERT INTO `data_training` VALUES (4573, 3, 'PETRIX BAGAS WIJAKSONO', 82, 83, 78, 81, 77, 77, 82, 81, 80);
INSERT INTO `data_training` VALUES (4574, 3, 'RAELLY PUTRI RAHAYU', 84, 83, 79, 83, 78, 77, 81, 81, 80);
INSERT INTO `data_training` VALUES (4575, 3, 'RAFIF SYARIFUDIN', 84, 82, 78, 82, 80, 77, 81, 81, 82);
INSERT INTO `data_training` VALUES (4576, 3, 'RESA DWI PRASETIYA', 82, 82, 80, 80, 79, 77, 81, 81, 82);
INSERT INTO `data_training` VALUES (4577, 3, 'RESTI DWI WIDIANTI', 86, 84, 81, 84, 88, 81, 84, 83, 81);
INSERT INTO `data_training` VALUES (4578, 3, 'RIKO CANDRA PRATAMA', 84, 85, 82, 83, 79, 81, 83, 81, 85);
INSERT INTO `data_training` VALUES (4579, 3, 'SEFI YULIANTI', 83, 83, 79, 82, 81, 79, 81, 80, 83);
INSERT INTO `data_training` VALUES (4580, 3, 'SETYANI YUWITA RAHMAN', 84, 84, 81, 84, 80, 82, 83, 83, 83);
INSERT INTO `data_training` VALUES (4581, 3, 'SHAFA AVRELINA YOCHI FERNANDA', 81, 84, 78, 84, 82, 77, 83, 82, 85);
INSERT INTO `data_training` VALUES (4582, 3, 'SYAHRUL RAMADHANI', 84, 81, 79, 82, 77, 80, 82, 82, 80);
INSERT INTO `data_training` VALUES (4583, 3, 'TEGAR SINGGIH PRASETYO', 85, 84, 82, 85, 88, 81, 83, 81, 85);
INSERT INTO `data_training` VALUES (4584, 3, 'VALENTINA PUTRI HARYADI', 82, 81, 78, 83, 82, 80, 82, 81, 81);
INSERT INTO `data_training` VALUES (4585, 3, 'VANEZA KURNIA SANGGITA', 85, 84, 81, 84, 84, 80, 82, 81, 84);
INSERT INTO `data_training` VALUES (4586, 3, 'YUNA AULIA AFADHA', 85, 84, 81, 83, 80, 80, 81, 80, 83);
INSERT INTO `data_training` VALUES (4587, 3, 'ZAHRA AMALIA MAYSAROH ARNIATI', 83, 80, 78, 79, 77, 80, 79, 81, 82);
INSERT INTO `data_training` VALUES (4588, 4, 'ABID FATIH AZHAR', 83, 78, 78, 77, 78, 75, 79, 76, 81);
INSERT INTO `data_training` VALUES (4589, 4, 'ADAM SUNJAVA', 84, 82, 82, 80, 81, 79, 84, 82, 84);
INSERT INTO `data_training` VALUES (4590, 4, 'AFRIK DWI SETIABUDI', 82, 78, 81, 78, 77, 80, 80, 82, 81);
INSERT INTO `data_training` VALUES (4591, 4, 'AL FATAH RIZKI RAMADANI', 82, 78, 78, 79, 74, 79, 81, 75, 80);
INSERT INTO `data_training` VALUES (4592, 4, 'ASTAGINA PRIMA ADHYTIA', 84, 78, 78, 78, 80, 77, 79, 79, 80);
INSERT INTO `data_training` VALUES (4593, 4, 'ASYIFA KHAFIDIN RIFKALLA', 86, 79, 79, 81, 82, 80, 83, 78, 81);
INSERT INTO `data_training` VALUES (4594, 4, 'DEKA KHASBI AZIRA PURWANSYAH', 83, 78, 83, 80, 83, 80, 82, 79, 81);
INSERT INTO `data_training` VALUES (4595, 4, 'DWIKI ADE PUTRA', 83, 80, 78, 77, 77, 77, 81, 78, 79);
INSERT INTO `data_training` VALUES (4596, 4, 'EVAN FERDINAN', 85, 84, 89, 82, 89, 82, 84, 82, 84);
INSERT INTO `data_training` VALUES (4597, 4, 'FADHIL DWI RAMADHANI', 84, 84, 85, 82, 86, 83, 84, 84, 85);
INSERT INTO `data_training` VALUES (4598, 4, 'FADILAH IBNU WAHID', 88, 84, 81, 82, 80, 81, 82, 78, 85);
INSERT INTO `data_training` VALUES (4599, 4, 'FANI AGUSTIAN DWIANTO', 84, 79, 80, 73, 80, 76, 80, 75, 82);
INSERT INTO `data_training` VALUES (4600, 4, 'FEDIAN PULUNG SADEWA', 81, 79, 83, 78, 78, 79, 79, 75, 81);
INSERT INTO `data_training` VALUES (4601, 4, 'HANIF EKA SAPUTRA NUGROHO', 85, 80, 80, 81, 79, 81, 82, 82, 84);
INSERT INTO `data_training` VALUES (4602, 4, 'HANITYA MAREZKA ANNASWARA', 83, 79, 76, 75, 74, 77, 80, 75, 80);
INSERT INTO `data_training` VALUES (4603, 4, 'HARIS PAMBUDI', 83, 84, 84, 82, 82, 82, 83, 82, 85);
INSERT INTO `data_training` VALUES (4604, 4, 'HUZAIMA AZHAR FANZURY', 84, 79, 78, 80, 78, 76, 80, 75, 83);
INSERT INTO `data_training` VALUES (4605, 4, 'IRFAN  MAULANA', 81, 80, 81, 78, 73, 78, 80, 79, 82);
INSERT INTO `data_training` VALUES (4606, 4, 'M. YANUAR DWI SAPUTRA', 88, 84, 84, 81, 86, 84, 83, 82, 83);
INSERT INTO `data_training` VALUES (4607, 4, 'MOHAMAD FARID TRIONO', 82, 82, 82, 79, 80, 78, 82, 78, 82);
INSERT INTO `data_training` VALUES (4608, 4, 'MOHAMAD RAYA SYAIKHAN', 82, 79, 78, 77, 81, 78, 81, 74, 85);
INSERT INTO `data_training` VALUES (4609, 4, 'MOHAMMAD RIFQI AL FAREZA', 83, 81, 76, 81, 78, 80, 84, 78, 85);
INSERT INTO `data_training` VALUES (4610, 4, 'NAUFAL ADI SAPUTRA', 84, 82, 78, 78, 84, 79, 82, 78, 81);
INSERT INTO `data_training` VALUES (4611, 4, 'NOVAL KURNIAWAN', 84, 81, 82, 81, 80, 82, 82, 82, 86);
INSERT INTO `data_training` VALUES (4612, 4, 'NUR SAFI HIBATULLOH', 80, 81, 75, 73, 72, 76, 82, 75, 79);
INSERT INTO `data_training` VALUES (4613, 4, 'RAFI DWI NURDIYANTO', 85, 81, 79, 80, 84, 81, 81, 79, 84);
INSERT INTO `data_training` VALUES (4614, 4, 'SAHRUL HUDA', 81, 82, 75, 80, 77, 80, 82, 78, 84);
INSERT INTO `data_training` VALUES (4615, 4, 'SEPTIYAN HIDAYAT', 82, 82, 77, 81, 81, 80, 81, 78, 83);
INSERT INTO `data_training` VALUES (4616, 4, 'SESAR ANUGRAH TIRTANATA', 82, 82, 80, 79, 81, 80, 81, 79, 83);
INSERT INTO `data_training` VALUES (4617, 4, 'VALENT ZIEKRE ARDIANSYAH', 86, 84, 80, 81, 84, 84, 81, 82, 84);
INSERT INTO `data_training` VALUES (4618, 4, 'WILDAN ADIB HAMDANI', 84, 80, 84, 79, 80, 77, 80, 79, 83);
INSERT INTO `data_training` VALUES (4619, 4, 'YOGA PRATAMA', 85, 80, 80, 81, 77, 81, 82, 78, 83);
INSERT INTO `data_training` VALUES (4620, 4, 'ANGGA MUADZ SAPUTRA', 81, 79, 87, 80, 80, 80, 80, 81, 78);
INSERT INTO `data_training` VALUES (4621, 4, 'ABID HAKIM', 81, 80, 86, 79, 76, 81, 82, 82, 82);
INSERT INTO `data_training` VALUES (4622, 4, 'ADRIAN HENRY EFENDI', 83, 81, 85, 83, 87, 82, 82, 79, 81);
INSERT INTO `data_training` VALUES (4623, 4, 'AFRILIA INDAH LESTARI', 87, 84, 84, 82, 79, 83, 84, 82, 85);
INSERT INTO `data_training` VALUES (4624, 4, 'AHMAD JIAN SYAHRULLOH', 82, 77, 85, 79, 84, 78, 80, 76, 80);
INSERT INTO `data_training` VALUES (4625, 4, 'AMELIA NUR SAFINAH', 85, 82, 89, 83, 77, 83, 83, 81, 85);
INSERT INTO `data_training` VALUES (4626, 4, 'ANDRY SETIAWAN', 85, 83, 85, 82, 85, 82, 84, 82, 83);
INSERT INTO `data_training` VALUES (4627, 4, 'ARDAN PANGESTU', 82, 81, 86, 80, 75, 80, 83, 75, 79);
INSERT INTO `data_training` VALUES (4628, 4, 'DANANG TRI HARTANTO', 84, 83, 88, 80, 78, 81, 82, 79, 79);
INSERT INTO `data_training` VALUES (4629, 4, 'EDVIN ADINNATA HASIM ABDULLAH', 82, 78, 81, 80, 74, 79, 81, 78, 79);
INSERT INTO `data_training` VALUES (4630, 4, 'ELANG PUTRA', 82, 81, 88, 81, 73, 79, 82, 82, 80);
INSERT INTO `data_training` VALUES (4631, 4, 'EVA SULISTIAWATI', 83, 83, 90, 80, 76, 80, 83, 82, 82);
INSERT INTO `data_training` VALUES (4632, 4, 'FARIHUL MAJID', 82, 81, 86, 81, 76, 80, 81, 82, 80);
INSERT INTO `data_training` VALUES (4633, 4, 'IDA APRILIA', 85, 85, 86, 84, 77, 84, 83, 82, 84);
INSERT INTO `data_training` VALUES (4634, 4, 'IFAN VADLI MAULANA', 86, 83, 84, 82, 78, 81, 82, 84, 85);
INSERT INTO `data_training` VALUES (4635, 4, 'KAIFA PUTRI ALMAIDA', 86, 80, 89, 83, 84, 84, 85, 82, 85);
INSERT INTO `data_training` VALUES (4636, 4, 'LATIFAH NUR AZIZAH', 88, 86, 89, 83, 90, 86, 86, 82, 87);
INSERT INTO `data_training` VALUES (4637, 4, 'M. MEICA AZIS', 85, 82, 86, 79, 75, 82, 83, 82, 85);
INSERT INTO `data_training` VALUES (4638, 4, 'M.FAIZ UJI PRASETYO', 84, 81, 89, 81, 85, 81, 81, 79, 84);
INSERT INTO `data_training` VALUES (4639, 4, 'MELANI DWI UTAMI', 84, 83, 87, 82, 83, 84, 83, 82, 83);
INSERT INTO `data_training` VALUES (4640, 4, 'MUHAMMAD YULIANTO', 85, 83, 91, 81, 82, 82, 84, 82, 80);
INSERT INTO `data_training` VALUES (4641, 4, 'NANANG PUJI WIBOWO', 83, 83, 84, 81, 76, 83, 82, 78, 81);
INSERT INTO `data_training` VALUES (4642, 4, 'ODI RISMAWAN', 82, 82, 83, 82, 81, 79, 82, 79, 79);
INSERT INTO `data_training` VALUES (4643, 4, 'OKKY NUR AFFAN', 82, 81, 85, 81, 81, 81, 83, 79, 80);
INSERT INTO `data_training` VALUES (4644, 4, 'REVALIA DWI SAPUTRI', 84, 79, 88, 82, 79, 82, 84, 76, 81);
INSERT INTO `data_training` VALUES (4645, 4, 'RIFAI MEGA SAPUTRA', 85, 86, 84, 82, 77, 81, 82, 84, 84);
INSERT INTO `data_training` VALUES (4646, 4, 'RISCA UTAMI', 85, 84, 89, 81, 88, 83, 84, 82, 82);
INSERT INTO `data_training` VALUES (4647, 4, 'SAGUH SATRIA WANDIRA', 82, 79, 86, 81, 79, 80, 81, 82, 79);
INSERT INTO `data_training` VALUES (4648, 4, 'SARAH NUR FITRIYANI', 85, 85, 87, 81, 80, 83, 82, 79, 82);
INSERT INTO `data_training` VALUES (4649, 4, 'SEFRI PUJIANTO', 83, 84, 84, 82, 76, 81, 83, 80, 80);
INSERT INTO `data_training` VALUES (4650, 4, 'SURYA ADI PRASETYO', 84, 83, 84, 82, 85, 83, 85, 82, 82);
INSERT INTO `data_training` VALUES (4651, 4, 'TRIA SUNDARI', 84, 81, 85, 82, 82, 78, 82, 78, 84);
INSERT INTO `data_training` VALUES (4652, 4, 'WAHYU ALIF PAJAR', 87, 81, 89, 82, 81, 84, 84, 82, 82);
INSERT INTO `data_training` VALUES (4653, 4, 'WILLY AJI NUGROHO', 85, 86, 90, 82, 80, 83, 83, 81, 83);
INSERT INTO `data_training` VALUES (4654, 4, 'ZULIA RAKHMA WIDIANTI', 85, 80, 84, 83, 84, 84, 83, 82, 83);
INSERT INTO `data_training` VALUES (4655, 4, 'RENDI NUR AZIZ', 82, 82, 78, 81, 77, 80, 81, 82, 80);
INSERT INTO `data_training` VALUES (4656, 4, 'AFDAL DWI SETIA PUTRA', 80, 79, 77, 79, 74, 78, 79, 77, 80);
INSERT INTO `data_training` VALUES (4657, 4, 'AMORITA AZZAH', 83, 82, 80, 81, 77, 81, 82, 78, 83);
INSERT INTO `data_training` VALUES (4658, 4, 'APRILIA TRI UTAMI', 83, 84, 89, 82, 84, 82, 85, 82, 85);
INSERT INTO `data_training` VALUES (4659, 4, 'ARIS TRIADI', 86, 84, 79, 82, 81, 80, 83, 82, 83);
INSERT INTO `data_training` VALUES (4660, 4, 'ARNAYA SALSABILA ALIF HANISI', 86, 83, 82, 83, 87, 84, 84, 83, 85);
INSERT INTO `data_training` VALUES (4661, 4, 'ASHARI RAHMAN JATI', 82, 80, 80, 81, 76, 76, 85, 78, 79);
INSERT INTO `data_training` VALUES (4662, 4, 'DEDE NUR HAFIFI', 82, 78, 80, 78, 72, 76, 80, 78, 80);
INSERT INTO `data_training` VALUES (4663, 4, 'DELTA AYODHYA PRADIPTA', 83, 84, 83, 82, 83, 86, 84, 82, 86);
INSERT INTO `data_training` VALUES (4664, 4, 'DIMAS HAKIM SURYO NUGROHO', 84, 85, 77, 81, 79, 81, 84, 82, 82);
INSERT INTO `data_training` VALUES (4665, 4, 'DWI NORMASARI', 84, 84, 80, 82, 83, 83, 83, 82, 83);
INSERT INTO `data_training` VALUES (4666, 4, 'DWIKI PANINGGARIO PAMUNGKAS', 83, 81, 75, 79, 75, 80, 81, 78, 80);
INSERT INTO `data_training` VALUES (4667, 4, 'FADLIL HIFARI', 83, 80, 81, 79, 75, 79, 83, 75, 79);
INSERT INTO `data_training` VALUES (4668, 4, 'FAIZAL AMIN', 82, 78, 76, 80, 75, 78, 81, 75, 80);
INSERT INTO `data_training` VALUES (4669, 4, 'HADAINA AURA HANUUN', 83, 86, 79, 81, 75, 81, 84, 78, 81);
INSERT INTO `data_training` VALUES (4670, 4, 'ILHAM MAULANA HAFIZ', 83, 85, 83, 81, 80, 83, 84, 80, 83);
INSERT INTO `data_training` VALUES (4671, 4, 'IQBAL WAHYU AJI', 82, 78, 79, 78, 79, 76, 79, 73, 82);
INSERT INTO `data_training` VALUES (4672, 4, 'ISNA ERNAWATI', 80, 78, 76, 78, 74, 76, 81, 75, 78);
INSERT INTO `data_training` VALUES (4673, 4, 'JENI MUGI PANGESTI', 82, 85, 79, 82, 80, 82, 84, 82, 81);
INSERT INTO `data_training` VALUES (4674, 4, 'MUHAMMAD ISA', 84, 81, 76, 81, 75, 83, 83, 82, 80);
INSERT INTO `data_training` VALUES (4675, 4, 'REVALIA KHOIRUNNISA', 83, 79, 78, 78, 76, 78, 81, 78, 82);
INSERT INTO `data_training` VALUES (4676, 4, 'RISKI SAHPUTRA', 82, 84, 75, 79, 77, 76, 82, 75, 79);
INSERT INTO `data_training` VALUES (4677, 4, 'TEGAR AWIYAHYA', 83, 80, 88, 81, 81, 84, 83, 78, 80);
INSERT INTO `data_training` VALUES (4678, 4, 'TIKA FEBRIYANI', 85, 85, 78, 81, 79, 85, 83, 82, 82);
INSERT INTO `data_training` VALUES (4679, 4, 'TITO FABIAN', 83, 80, 85, 80, 76, 78, 81, 80, 79);
INSERT INTO `data_training` VALUES (4680, 4, 'VIA TRI LESTARI', 86, 81, 88, 82, 78, 83, 84, 82, 84);
INSERT INTO `data_training` VALUES (4681, 4, 'WANDA DWI SAPUTRA', 81, 78, 78, 78, 77, 80, 80, 73, 81);
INSERT INTO `data_training` VALUES (4682, 4, 'WASKITO FEBRIANTO', 83, 84, 77, 80, 79, 79, 83, 77, 82);
INSERT INTO `data_training` VALUES (4683, 4, 'WAWAN YANUAR NUR DARMAWAN', 82, 81, 79, 80, 78, 78, 81, 78, 80);
INSERT INTO `data_training` VALUES (4684, 4, 'WINDA LIANA SARI', 84, 81, 77, 80, 77, 82, 83, 82, 80);
INSERT INTO `data_training` VALUES (4685, 4, 'WINDI SETIA MAHESTI', 85, 81, 79, 82, 77, 85, 85, 83, 85);

-- ----------------------------
-- Table structure for jurusan
-- ----------------------------
DROP TABLE IF EXISTS `jurusan`;
CREATE TABLE `jurusan`  (
  `id_jurusan` int(11) NOT NULL AUTO_INCREMENT,
  `jurusan` varchar(255) CHARACTER SET utf8mb4 COLLATE utf8mb4_general_ci NULL DEFAULT NULL,
  PRIMARY KEY (`id_jurusan`) USING BTREE
) ENGINE = InnoDB AUTO_INCREMENT = 6 CHARACTER SET = utf8mb4 COLLATE = utf8mb4_general_ci ROW_FORMAT = Dynamic;

-- ----------------------------
-- Records of jurusan
-- ----------------------------
INSERT INTO `jurusan` VALUES (1, 'Teknik Audio Video');
INSERT INTO `jurusan` VALUES (2, 'Teknik Bisnis dan Sepeda Motor');
INSERT INTO `jurusan` VALUES (3, 'Teknik Elektronika Industri');
INSERT INTO `jurusan` VALUES (4, 'Teknik Instalasi Tenaga Listrik');
INSERT INTO `jurusan` VALUES (5, 'Teknik Komputer dan Jaringan');

-- ----------------------------
-- Table structure for klasifikasi
-- ----------------------------
DROP TABLE IF EXISTS `klasifikasi`;
CREATE TABLE `klasifikasi`  (
  `id_klasifikasi` int(11) NOT NULL AUTO_INCREMENT,
  `id_jurusan` int(11) NULL DEFAULT NULL,
  `nama` varchar(255) CHARACTER SET utf8mb4 COLLATE utf8mb4_general_ci NULL DEFAULT NULL,
  `pai` varchar(255) CHARACTER SET utf8mb4 COLLATE utf8mb4_general_ci NULL DEFAULT NULL,
  `bi` varchar(255) CHARACTER SET utf8mb4 COLLATE utf8mb4_general_ci NULL DEFAULT NULL,
  `mtk` varchar(255) CHARACTER SET utf8mb4 COLLATE utf8mb4_general_ci NULL DEFAULT NULL,
  `sej` varchar(255) CHARACTER SET utf8mb4 COLLATE utf8mb4_general_ci NULL DEFAULT NULL,
  `bing` varchar(255) CHARACTER SET utf8mb4 COLLATE utf8mb4_general_ci NULL DEFAULT NULL,
  `senbud` varchar(255) CHARACTER SET utf8mb4 COLLATE utf8mb4_general_ci NULL DEFAULT NULL,
  `ok` varchar(255) CHARACTER SET utf8mb4 COLLATE utf8mb4_general_ci NULL DEFAULT NULL,
  `fis` varchar(255) CHARACTER SET utf8mb4 COLLATE utf8mb4_general_ci NULL DEFAULT NULL,
  `bj` varchar(255) CHARACTER SET utf8mb4 COLLATE utf8mb4_general_ci NULL DEFAULT NULL,
  `hasil` varchar(255) CHARACTER SET utf8mb4 COLLATE utf8mb4_general_ci NULL DEFAULT NULL,
  `akurasi` varchar(255) CHARACTER SET utf8mb4 COLLATE utf8mb4_general_ci NULL DEFAULT NULL,
  PRIMARY KEY (`id_klasifikasi`) USING BTREE,
  INDEX `fk_jurusan`(`id_jurusan`) USING BTREE,
  CONSTRAINT `fk_jurusan` FOREIGN KEY (`id_jurusan`) REFERENCES `jurusan` (`id_jurusan`) ON DELETE CASCADE ON UPDATE CASCADE
) ENGINE = InnoDB AUTO_INCREMENT = 9 CHARACTER SET = utf8mb4 COLLATE = utf8mb4_general_ci ROW_FORMAT = Dynamic;

-- ----------------------------
-- Records of klasifikasi
-- ----------------------------
INSERT INTO `klasifikasi` VALUES (2, 1, 'Eko', '80', '81', '82', '83', '84', '85', '8', '8', '88', '4', '80');
INSERT INTO `klasifikasi` VALUES (3, 1, 'Eko', '80', '81', '82', '83', '84', '85', '8', '8', '88', '4', '80');
INSERT INTO `klasifikasi` VALUES (4, 1, 'Eko', '80', '81', '82', '83', '84', '85', '8', '8', '88', '4', '80');
INSERT INTO `klasifikasi` VALUES (5, 1, 'yono', '81', '82', '83', '44', '78', '72', '7', '80', '92', '4', '80');
INSERT INTO `klasifikasi` VALUES (6, 3, 'yono', '81', '82', '83', '44', '78', '72', '7', '80', '92', '4', '80');
INSERT INTO `klasifikasi` VALUES (7, 1, 'gaga', '81', '8', '83', '8', '86', '87', '82', '89', '32', '4', '80');

-- ----------------------------
-- Table structure for role
-- ----------------------------
DROP TABLE IF EXISTS `role`;
CREATE TABLE `role`  (
  `id_role` int(11) NOT NULL AUTO_INCREMENT,
  `role` varchar(255) CHARACTER SET utf8mb4 COLLATE utf8mb4_general_ci NULL DEFAULT NULL,
  PRIMARY KEY (`id_role`) USING BTREE
) ENGINE = InnoDB AUTO_INCREMENT = 3 CHARACTER SET = utf8mb4 COLLATE = utf8mb4_general_ci ROW_FORMAT = Dynamic;

-- ----------------------------
-- Records of role
-- ----------------------------
INSERT INTO `role` VALUES (1, 'Guru');
INSERT INTO `role` VALUES (2, 'Calon Murid');

-- ----------------------------
-- Table structure for user
-- ----------------------------
DROP TABLE IF EXISTS `user`;
CREATE TABLE `user`  (
  `id_user` int(11) NOT NULL AUTO_INCREMENT,
  `id_role` int(11) NULL DEFAULT NULL,
  `username` varchar(255) CHARACTER SET utf8mb4 COLLATE utf8mb4_general_ci NULL DEFAULT NULL,
  `password` varchar(255) CHARACTER SET utf8mb4 COLLATE utf8mb4_general_ci NULL DEFAULT NULL,
  `nama` varchar(255) CHARACTER SET utf8mb4 COLLATE utf8mb4_general_ci NULL DEFAULT NULL,
  PRIMARY KEY (`id_user`) USING BTREE,
  INDEX `role`(`id_role`) USING BTREE,
  CONSTRAINT `role` FOREIGN KEY (`id_role`) REFERENCES `role` (`id_role`) ON DELETE CASCADE ON UPDATE CASCADE
) ENGINE = InnoDB AUTO_INCREMENT = 2 CHARACTER SET = utf8mb4 COLLATE = utf8mb4_general_ci ROW_FORMAT = Dynamic;

-- ----------------------------
-- Records of user
-- ----------------------------
INSERT INTO `user` VALUES (1, 1, '234123', 'e10adc3949ba59abbe56e057f20f883e', 'Imantoyo');

SET FOREIGN_KEY_CHECKS = 1;
